{"lr": 0.001, "num_filters": 16, "batch_size": 128, "filter_size": 3, "learning_curve": [0.769599974155426, 0.8755999803543091, 0.8981999754905701, 0.9106000065803528, 0.9165999889373779, 0.9218000173568726, 0.925000011920929, 0.9271000027656555, 0.9294999837875366, 0.9326000213623047, 0.9348000288009644, 0.9373999834060669], "test_error": 0.9361000061035156}