{"lr": 0.1, "num_filters": 16, "batch_size": 128, "filter_size": 3, "learning_curve": [0.9739999771118164, 0.9821000099182129, 0.9848999977111816, 0.9865999817848206, 0.988099992275238, 0.9882000088691711, 0.9883999824523926, 0.9883000254631042, 0.9883999824523926, 0.9886000156402588, 0.9884999990463257, 0.9890000224113464], "test_error": 0.9891999959945679}