{"lr": 0.001, "num_filters": 16, "batch_size": 128, "filter_size": 3, "learning_curve": [0.6991000175476074, 0.8549000024795532, 0.892799973487854, 0.9067000150680542, 0.9139999747276306, 0.9200000166893005, 0.9251000285148621, 0.9298999905586243, 0.9314000010490417, 0.933899998664856, 0.9361000061035156, 0.9394999742507935], "test_error": 0.9379000067710876}