{"lr": 0.001, "num_filters": 16, "batch_size": 128, "filter_size": 1, "learning_curve": [0.6236000061035156, 0.7476999759674072, 0.8169999718666077, 0.8503999710083008, 0.8733000159263611, 0.883899986743927, 0.8892999887466431, 0.89410001039505, 0.8999999761581421, 0.9041000008583069, 0.9067000150680542, 0.9093000292778015], "test_error": 0.9089999794960022}