{"lr": 0.0001, "num_filters": 16, "batch_size": 128, "filter_size": 3, "learning_curve": [0.18000000715255737, 0.24899999797344208, 0.3961000144481659, 0.5446000099182129, 0.6348000168800354, 0.6945000290870667, 0.7415000200271606, 0.7745000123977661, 0.7958999872207642, 0.808899998664856, 0.8205999732017517, 0.833299994468689], "test_error": 0.8217999935150146}