{"lr": 0.01, "num_filters": 16, "batch_size": 128, "filter_size": 3, "learning_curve": [0.9132999777793884, 0.9376999735832214, 0.949999988079071, 0.9570000171661377, 0.9607999920845032, 0.9643999934196472, 0.9663000106811523, 0.9677000045776367, 0.9685999751091003, 0.97079998254776, 0.972000002861023, 0.9721999764442444], "test_error": 0.9697999954223633}